Company Name,Company Name for Emails,Account Stage,Lists,# Employees,Industry,Account Owner,Website,Company Linkedin Url,Facebook Url,Twitter Url,Company Street,Company City,Company State,Company Country,Company Postal Code,Company Address,Keywords,Company Phone,Technologies,Total Funding,Latest Funding,Latest Funding Amount,Last Raised At,Annual Revenue,Number of Retail Locations,Apollo Account Id,SIC Codes,NAICS Codes,Short Description,Founded Year,Logo Url,Subsidiary of,Primary Intent Topic,Primary Intent Score,Secondary Intent Topic,Secondary Intent Score,Funding & Investor 6311,Qualify Account,Prerequisite: Determine Research Guidelines,Prerequisite: Research Target Company
Fraction,Fraction,Cold,CanadianLendersMaster,24,financial services,nirmal@finnovate.io,http://www.fraction.com,http://www.linkedin.com/company/fraction-technologies,https://www.facebook.com/fractionrealestate,,1050 Homer St,Vancouver,British Columbia,Canada,V6B 2W9,"1050 Homer St, Vancouver, British Columbia, Canada, V6B 2W9","financial services, home equity solutions, digital finance, technology, homeowner solutions, no prepayment penalties, transparent lending process, home equity funding, b2c, homeownership support, home equity unlock, fair mortgage solutions, online mortgage application, mortgage for seniors, finance and insurance, flexible mortgage terms, market-leading mortgage product, services, home equity loan, fintech, interest rate fixed, mortgage refinancing, home equity investment, financial technology, innovative lending, home appraisal, loan approval process, homeowner financing, reverse mortgage alternative, mortgage broker integration, no monthly payments mortgage, home equity line of credit, mortgage and nonmortgage loan brokers, financial freedom, digital mortgage platform, home equity access, interest compounding, construction & real estate, b2b, finance, finance technology, information technology & services",+1 844-979-1663,"Cloudflare DNS, Sendgrid, Gmail, Google Apps, CloudFlare Hosting, Amazon AWS, Front, Netlify, Centro, Webflow, reCAPTCHA, Mobile Friendly, AI, Circle, Remote",228080000,Series A,16000000,2021-10-01,,,680075b2a1a186000d2e7a73,6162,52231,"Fraction is a financial technology company based in Vancouver, Canada, founded in 2018. It specializes in the mortgage lending and real estate tech sectors, offering the Fraction Mortgage®, a unique home equity access product. This product allows homeowners to access tax-free cash from their home equity without monthly payments, prepayment penalties, or age restrictions.

The Fraction Mortgage® enables homeowners to unlock up to 50% of their home equity for various purposes, such as debt reduction, income diversification, purchasing investment properties, funding businesses, or home renovations. Interest accrues but is settled upon the sale of the home or repayment, providing flexible terms and fixed rates. Fraction aims to serve a broad demographic by offering a straightforward process and knowledgeable support, distinguishing itself from traditional loans and reverse mortgages.",2018,https://zenprospect-production.s3.amazonaws.com/uploads/pictures/68728b22b4010d00017ef888/picture,,,,,,,,,
Innova Wealth Partners,Innova Wealth,Cold,CanadianLendersMaster,20,financial services,nirmal@finnovate.io,http://www.inwp.ca,http://www.linkedin.com/company/innovawealth,,,,Sudbury,Ontario,Canada,,"Sudbury, Ontario, Canada","income tax planning filing, financial consultation services, financial advising, risk management insurance, retirement cash flow planning, portfolio management, investment management, charitable initiatives, holistic financial planning, risk management, tax planning, financial goals, financial planning process, retirement planning, financial literacy education, long-term growth, financial health check, financial planning, client-centric approach, financial education, tax strategies, financial analysis, consulting, cfp, mortgages, b2c, personalized wealth strategies, financial security, succession planning, comprehensive financial services, investment strategies, asset allocation, client relationships, risk assessment, client-centered approach, group benefit plans, financial literacy, insurance, life insurance, estate transfer, community engagement, financial solutions, financial literacy programs, financial literacy workshops, cim, wealth preservation, community involvement, financial services, tax-efficient investing, asset management, financial advisory, services, other financial investment activities, estate planning, wealth management, personalized advice, financial advice, investment advisory, b2b, healthcare, finance, education, non-profit, financial consulting, management consulting, law practice, legal services, health care, health, wellness & fitness, hospital & health care, nonprofit organization management",+1 855-855-1213,"Gmail, Google Apps, GoDaddy Hosting, Google Analytics, Mobile Friendly, Bootstrap Framework, Google Tag Manager, Apache, Google Font API, reCAPTCHA, YouTube",,,,,,,68192cfe470f7a002110c7d3,8742,5239,"Innova Wealth Partners is a Canadian financial advisory and wealth management firm based in Ontario, serving clients in Sudbury, Barrie, and Toronto. The firm offers a comprehensive range of services, including investment management, insurance solutions, and financial planning, with a focus on building strong client relationships and providing financial education. Innova manages approximately $600 million in assets and serves around 1,000 households, boasting a 99% client retention rate.

The firm organizes its services into three main areas: Investments, Insurance, and Planning. In Investments, Innova provides tailored portfolio management, objective-based investing, and assistance with mortgages and lending. Its Insurance offerings include individual and group solutions, such as life, health, and disability coverage. The Planning services emphasize comprehensive financial strategies, including retirement and tax planning, aimed at maximizing clients' financial outcomes. Overall, Innova Wealth Partners positions itself as a trusted partner for individuals, families, and businesses seeking coordinated financial advice.",2011,https://zenprospect-production.s3.amazonaws.com/uploads/pictures/66f78fee6ce80100013c9ecd/picture,,,,,,,,,
PHL,PHL,Cold,CanadianLendersMaster,62,financial services,nirmal@finnovate.io,http://www.phlcapital.com,http://www.linkedin.com/company/phl-capital-corp,,,5455 152 St,Surrey,British Columbia,Canada,V3S 5A5,"5455 152 St, Surrey, British Columbia, Canada, V3S 5A5","real estate lending, bridge financing, equity takeout, debt consolidation, residential, commercial, construction, land development, investing, risk management, emd, private mortgage lending, real estate development, alternative mortgage lending, investor relations, specialized mortgage funds, quick approval process, loan-to-value ratio, mortgage investment corporation, mortgage security review, short-term mortgages, private capital markets, other nondepository credit intermediation, underwriting standards, financial services, real estate investment, diversified mortgage funds, community impact, services, financial planning, serving underserved borrowers, mortgage fund management, canadian real estate, risk mitigation, community development, flexible mortgage solutions, real estate market insights, alternative credit assessment, real estate, investor returns, capital preservation, real estate development financing, real estate market, community prosperity, diversified mortgage portfolio, real estate-backed investments, real estate financing, b2b, residential and commercial mortgages, mic, geographic diversification, secured mortgage investments, alternative lending solutions, non-traditional borrower support, investor relations management, transparent underwriting, short-term mortgage loans, investment management, finance, non-profit, nonprofit organization management",+1 604-579-0849,"Cloudflare DNS, Sendgrid, Outlook, Pardot, Microsoft Office 365, CloudFlare Hosting, Google Tag Manager, WordPress.org, Typekit, Google Font API, reCAPTCHA, Mobile Friendly, Circle, Remote",,,,,,,682d2f24e38c7d000dacdcb4,6531,52229,"PHL Capital is a Canadian alternative mortgage lending and investment company based in Surrey, British Columbia. With over 18 years of experience, PHL has become a trusted leader in the alternative lending market, managing over $750 million in shareholder capital and providing more than $3 billion in financing to entrepreneurs, single-income families, and start-ups. The company operates with a team of approximately 35 employees and generates $7 million in revenue.

PHL Capital focuses on empowering financial success through transparent and reliable mortgage solutions. They offer a range of services, including Mortgage Investment Corporations (MICs), alternative lending solutions, rapid mortgage approvals, diverse property financing, and creative underwriting solutions. Their target customers include non-traditional borrowers, real estate investors, and mortgage brokers, all of whom benefit from PHL's flexible and personalized approach to lending. PHL is registered as a mortgage broker with the British Columbia Financial Services Authority.",2006,https://zenprospect-production.s3.amazonaws.com/uploads/pictures/695ff16f68928b0001b6ceb6/picture,,,,,,,,,
VePay - for eCommerce,VePay,Cold,CanadianLendersMaster,11,financial services,nirmal@finnovate.io,http://www.vepay.io,http://www.linkedin.com/company/vepayinc,,,1771 Robson St,Vancouver,British Columbia,Canada,V6G 1C9,"1771 Robson St, Vancouver, British Columbia, Canada, V6G 1C9","factoring, working capital, funding, fintech, ecommerce growth, lending, financial solutions, ecommerce, riba free, ethical, shariah compliant, invoice factoring, shopify seller financing, shopify, customer service, digital banking, merchant funding, e-commerce, business loans, walmart, services, d2c, financial services, shopee seller credit, sales capital, amazon seller funding, amazon, funding for ecommerce, b2b, financial transactions processing, reserve, and clearinghouse activities, ecommerce sellers, credit solutions, cash flow management, retail, merchant financing, risk management, digital payments, walmart seller loans, shopee, b2c, finance, consumer products & retail, finance technology, information technology & services, consumer internet, consumers, internet",,"Outlook, Google Tag Manager, Mobile Friendly, Nginx, WordPress.org, Render",,,,,,,682f18d2233ca6001597e7cc,7389,52232,"Founded in 2022, VePay is a pioneering ethical factoring solution dedicated to empowering e-commerce sellers and vendors. VePay provides working capital lines from $3K to $250K with no interest, no credit check, no hidden charges, and no personal guarantees required. 

 This allows sellers and vendors to access transparent and flexible financing to support various growth initiatives, including fund inventory and marketing while retaining full control and ownership of their business.

With VePay, ethical financing is not just a commitment; it's a reality that enables businesses to thrive and prosper.",2023,https://zenprospect-production.s3.amazonaws.com/uploads/pictures/696a89909dcc960001a886e8/picture,,,,,,,,,
Lending Loop,Lending Loop,Cold,CanadianLendersMaster,7,financial services,nirmal@finnovate.io,http://www.lendingloop.ca,http://www.linkedin.com/company/lending-loop,https://www.facebook.com/lendingloop,https://twitter.com/lendingloop,410 Adelaide St W,Toronto,Ontario,Canada,M5V 1S7,"410 Adelaide St W, Toronto, Ontario, Canada, M5V 1S7","online lending, finance technology, peer-to-peer, marketplace lender, sme banking, internet, finance, information technology, investment management, environmental sustainability, online lending platform, business loans from $1,000 to $500,000, no hidden fees, investment diversification, automated credit evaluation, fixed-income returns, exempt market dealer, small business loan approval, lending technology innovation, business financing, canadian investors, canadian economy support, small business loans, carbon-neutral operations, ontario government funding support, services, fast approval funding, lending to businesses, invest in small businesses, financial services, regulated financial platform, financial technology, regulatory compliance, simple online application, canadian small business financing, peer-to-peer lending, secure lending platform, invest in canadian smes, government, small business growth, investment platform, supporting local communities, other activities related to credit intermediation, fintech, transparent lending process, small and medium-sized businesses, diversify investment portfolio, creditworthy applicants, technology-driven lending, online business loan application, private market investments, peer-to-peer lending canada, climate-conscious business practices, environmental impact reduction, fixed-income securities, lender and borrower platform, unsecured business loans, alternative investments, b2c, information technology & services",+1 888-223-5667,"Amazon CloudFront, Route 53, MailJet, Gmail, Pardot, Google Apps, MailChimp SPF, Amazon AWS, SalesLoft, Netlify, React, Webflow, Google Tag Manager, Ruby On Rails, Mobile Friendly",41980600,Seed,0,2022-09-01,7100000,,68507c7bf6f194000d8537eb,6199,52239,"Lending Loop is Canada's first regulated peer-to-peer (P2P) lending platform, based in Toronto, Ontario. Established in 2014 and operational since 2015, it connects individual and institutional investors with small and medium-sized businesses (SMBs) seeking financing. The platform facilitates loans ranging from $1,000 to $500,000, with terms between 3 to 60 months. Borrowers benefit from fast approvals, flexible repayment options, and competitive interest rates.

The company offers a P2P lending marketplace where investors can lend directly to eligible Canadian SMBs, earning average returns of 7.8%. Additionally, Lending Loop provides a Loop Banking Platform, which includes no-foreign-exchange-fee credit cards and free U.S. bank accounts to assist businesses in managing their finances. Since its inception, Lending Loop has lent over $90 million, supporting the growth of SMBs across Canada while ensuring secure transactions through regulated institutions.",2014,https://zenprospect-production.s3.amazonaws.com/uploads/pictures/696a75f4734d0f0001969916/picture,,,,,,,,,
Capital Direct Lending Corp.,Capital Direct Lending,Cold,CanadianLendersMaster,10,financial services,gigi@finnovate.io,http://www.capitaldirect.ca,http://www.linkedin.com/company/capital-direct-lending-corp,https://facebook.com/CapitalDirect,https://twitter.com/CapitalDirectCA,555 W 8th Ave,Vancouver,British Columbia,Canada,V5Z 1C6,"555 W 8th Ave, Vancouver, British Columbia, Canada, V5Z 1C6","home equity line of credit, credit based approval, private mortgage funding, home equity loan rates, home equity borrowing, private lending, home equity loan approval, home equity loan calculator, financial services, home equity for property purchase, home equity for second property, other nondepository credit intermediation, home equity credit, home equity solutions, home equity financing, home equity loan application, home equity for business funding, home equity for education funding, home equity loan eligibility, home equity for medical expenses, private lender, private mortgage lender, mortgage broker, home equity, home equity mortgage, home equity loans, mortgage purchase, home equity loan funding, mortgage financing, home equity for financial planning, home refinancing, home equity loan canada, fast approval, home equity for emergency cash, home equity loan process, home equity loan options, mortgage purchase financing, flexible terms, mortgage lending, home equity for renovations, mortgage loans, canadian mortgage broker, real estate, home equity for investment, home equity for debt consolidation, loan amounts $10,000 to $3 million, b2c, finance",+1 800-639-2274,"Cloudflare DNS, Outlook, CloudFlare Hosting, Google Font API, Google Tag Manager, Google Dynamic Remarketing, DoubleClick Conversion, Bootstrap Framework, Bing Ads, Mobile Friendly, YouTube, Google Analytics, Circle",,,,,4645000,,696f9976e3161900114673ce,6162,52229,"Since 1997, Capital Direct has helped Canadian homeowners finance their dreams with their home equity. Our personalized home equity lending solutions and Flexi Line™ Line of Credit are designed to support your personal and financial goals. Call one of our nationwide offices or visit us at capitaldirect.ca!",1997,https://zenprospect-production.s3.amazonaws.com/uploads/pictures/696d208226ea0d0001f627df/picture,,,,,,,,,
Elias Financial Corp,Elias Financial,Cold,CanadianLendersMaster,6,financial services,aman@finnovate.io,http://www.eliasdevelopment.com,http://www.linkedin.com/company/elias-financial-corp,,,3011 Markham Rd,Toronto,Ontario,Canada,M1X 1L7,"3011 Markham Rd, Toronto, Ontario, Canada, M1X 1L7","private, construction, residentail & commercail mortgages, mortgage lending, b2c, equity take out, canada's largest banks, refinance and equity loans, commercial mortgages, services, mortgage process, over 40 lenders, mortgage calculators, mortgage application online, mortgage solutions, second mortgages, mortgage approval, private lenders, mortgage rate comparison, private mortgages, construction mortgages, financial planning, mortgage rates toronto, mortgage, mortgage advice, business financing, real estate investment, mortgage broker network, refinancing, mortgage glossary, unbiased mortgage advice, mortgage application, private mortgage funding, construction loans, mortgage rates, construction financing, mortgage comparison, home purchase, mortgage broker, real estate, residential mortgages, lender partnerships, mortgage and nonmortgage loan brokers, financial services, mortgage consultation, loan negotiation, mortgage pre-approval, finance and insurance, debt consolidation, self-employed mortgages, mortgage sourcing, b2b, finance",+1 416-564-0896,"Gmail, Google Apps, Cloudflare DNS, CloudFlare Hosting, Mobile Friendly, Google Tag Manager, Google Analytics, Google Font API, WordPress.org, Apache, Remote, IoT, AI, Android, Node.js",,,,,,,6970f5237c90770001ff82ad,6162,52231,"We give independent advice on YOUR financial options. We're not tied to any one lender, we  have access to over 50 lenders.  

We start by getting to know you and your goals. We'll make a recommendation, from available financing products that match your needs, and what's right for you.  

We can help with YOUR Financial Needs in these areas:

Ø  1st and 2nd Mortgages  
Ø  Commercial/Industrial Mortgages
Ø  Equity Take-Out
Ø  Debt Consolidation 
Ø  Re-Finance Existing Mortgage(s) 
Ø  Mortgage Renewals
Ø  New Home Purchases 
Ø  Construction Financing
Ø  Self-Employed Programs
Ø  Investment Property 
Ø  Private Mortgages
Ø  Or Any Other Reason

Call us TODAY for all of YOUR mortgage and financing needs. 

We offer only the highest level of trust, service and professionalism.",1989,https://zenprospect-production.s3.amazonaws.com/uploads/pictures/63edac09a4ccae0001634980/picture,,,,,,,,,
Elite Wealth Management Inc.,Elite Wealth Management,Cold,CanadianLendersMaster,32,financial services,aman@finnovate.io,http://www.elitewmg.com,http://www.linkedin.com/company/elitewmg,https://www.facebook.com/Elite-Wealth-Management-355814497767389/,,7080 River Rd,Richmond,British Columbia,Canada,V6X 1X5,"7080 River Rd, Richmond, British Columbia, Canada, V6X 1X5","financial education, insurance planning, personalized financial advice, charitable contributions, long-term success, mortgages, non-registered accounts, mortgage lending, b2c, investment and insurance strategies, financial seminars, charitable giving strategies, risk management, mortgage, tax efficiency, tax minimization, client relationship management, mortgage solutions, other financial investment activities, personalized solutions, wealth transfer strategies, resp, wealth management across provinces, charitable giving, financial services, retirement planning, retirement accounts, rrsp, wealth optimization, investment advisory, mutual funds, wealth building, client-centric approach, wealth management, tax planning, estate transfer, business succession planning, financial advisory, segregated funds, financial planning, insurance, services, wealth growth, tax sheltering, wealth transfer, insurance strategies, investment products, tfsa, financial education seminars, estate planning, investment loans, fhsa, finance, education, non-profit, construction & real estate, investment management, financial consulting, consulting, management consulting, law practice, legal services, nonprofit organization management",+1 604-330-2708,"Cloudflare DNS, Outlook, Google Cloud Hosting, Mobile Friendly, Nginx, WordPress.org, Google Tag Manager, Circle, Remote",,,,,,,6970f5237c90770001ff82b4,6289,5239,"Elite Wealth Management was founded on an unwavering commitment to business excellence. In every service we provide, we strive to create trusted relationships with our clients and work diligently to ensure that we become a valued part of their wealth management team. Our business philosophy always puts the interests of our clients first and is built on a fundamental belief of transparency, integrity, and trust. Through our platform, we offer our clients a broad range of financial vehicles that includes banking, lending, investment, and risk management products to optimize their financial strategy and maximize their wealth potential.",2005,https://zenprospect-production.s3.amazonaws.com/uploads/pictures/6708f0c02f6fd90001357405/picture,,,,,,,,,
MMV Financial,MMV Financial,Cold,CanadianLendersMaster,6,venture capital & private equity,aman@finnovate.io,http://www.mmvf.com,http://www.linkedin.com/company/mmv-financial,,http://www.twitter.com/MMVFinancial,370 King St W,Toronto,Ontario,Canada,M5V 1J9,"370 King St W, Toronto, Ontario, Canada, M5V 1J9","venture debt, venture lending, finance, funding, debt financing, technology, clean tech, life sciences, venture capital & private equity principals, financial services",+1 416-977-9718,"WorldwideDNS, Outlook, Microsoft Office 365, ASP.NET, Mobile Friendly, Microsoft-IIS, Render, Data Analytics, AI",,,,,7600000,,6970f5237c90770001ff82c7,"6162, 6411",,"MMV Financial is dedicated to providing timely and effective growth capital to emerging technology and life sciences companies throughout North America.
 
The amount of capital we provide typically ranges from $1.5 million to $10.0 million USD, although larger transactions can be accommodated as required. We offer various types of financial solutions to help entrepreneurs evolve and grow their companies. These solutions include long-term venture loans, as well as bridge financing and structured loans. Our strength is finding creative debt-financing solutions that meet the needs of the dynamic companies we support.

MMV Financial is managed by one of the most long-standing and seasoned venture lending teams in North America. Our current capitalization drives a $400 million+ investment program targeting $100 million of new investments each year. Our team has been providing venture finance solutions to growing technology and life sciences companies since 1998.",1998,https://zenprospect-production.s3.amazonaws.com/uploads/pictures/69698193762e980001205eeb/picture,,,,,,,,,
First West Capital,First West Capital,Cold,CanadianLendersMaster,4,financial services,aman@finnovate.io,,http://www.linkedin.com/company/first-west-capital,,,6470 201 St,Langley,British Columbia,Canada,V2Y 2X4,"6470 201 St, Langley, British Columbia, Canada, V2Y 2X4","subordinated debt, mezzanine debt, management buyout, mezzanine debt in bc, subordinated debt in bc, mezzanine debt in alberta, subordinated debt in alberta, mergers, shareholder buy out, expansion finance, acquisition, finance, working capital, junior capital, refinance, subordinated debt ontario, mezzanine debt ontario, mezzanine debt manitoba, subordinated debt manitoba, business financing, business lending canada, financial services",,"Route 53, Outlook, Microsoft Office 365, Google Tag Manager, WordPress.org, Nginx, Mobile Friendly, Typekit, YouTube, Google Font API, Google Maps, Google Maps (Non Paid Users), Vimeo, Google Analytics, AI",,,,,,,6970f5237c90770001ff82d0,,,"First West Capital is an investment firm based in Vancouver, established in 2010. It specialized in providing subordinated debt, mezzanine financing, and minority equity financing to support mid-market businesses across various industries in Canada, particularly in Ontario. The firm operated with a small team of fewer than 25 employees and generated annual revenues estimated between $1 million and $5 million.

Currently, First West Capital is focused on servicing its existing clients and supporting their ongoing financing needs. It is no longer taking on new clients or offering new financing products, following a strategic shift from its parent company, First West Credit Union. This credit union, formed in 2010 through the merger of several regional credit unions, is one of the largest in Canada, providing a wide range of financial services. First West Capital's legacy is closely tied to the extensive offerings and community presence of First West Credit Union.",2010,https://zenprospect-production.s3.amazonaws.com/uploads/pictures/692056d3c4f1af0001a5acad/picture,,,,,,,,,
SAFEBRIDGE Financial Group,SAFEBRIDGE Financial Group,Cold,CanadianLendersMaster,63,financial services,aman@finnovate.io,http://www.safebridgefinancial.com,http://www.linkedin.com/company/safebridgefinancial,https://facebook.com/Safebridge,https://twitter.com/SafeBridgeFG,25 Scarsdale Rd,Toronto,Ontario,Canada,M3B 2R2,"25 Scarsdale Rd, Toronto, Ontario, Canada, M3B 2R2","tax cash flow management, residential commercial mortgage financing, personal corporate insurance planning, personal corporate investment planning, cash-out refinancing, lender comparison, client education on refinancing, financial goals, homeownership, mortgage product diversity, market updates, private mortgage, mortgage education, client-specific mortgage solutions, market monitoring, b2c, mortgage lending, holistic financial planning, mortgage advice, holistic mortgage strategies, market monitoring notifications, mortgage insurance, wealth management, mortgage and insurance integration, financial planning, financial growth, financial solutions, home equity line of credit, financial services, mortgage broker, construction financing, critical illness insurance, client care, loan to value, lending partners, tax planning, refinance, prepayment options, lender negotiations, high net worth insurance, client success, investment property mortgages, commercial mortgages, lending industry, home financing, mortgage and nonmortgage loan brokers, lender partnerships, reverse mortgage, mortgage application process, interest rate lock, life insurance, fixed rate mortgage, mortgage application, real estate financing, mortgage and investment synergy, consulting, real estate, disability insurance, first-time home buyer, canadian mortgage market, mortgage penalties, services, financial advisor, self-employed mortgages, private insurance, mortgage rates, mortgage centered financial planning, insurance, debt payoff, client relationships, long-term wealth building, lender partnerships in canada, pre-approval, variable rate mortgage, financial strategy, mortgage solutions, mortgage process, b2b, finance, construction & real estate, investment management",+1 416-466-5858,"Mailchimp Mandrill, Sendgrid, Outlook, WordPress.org, reCAPTCHA, Google Font API, Vimeo, Mobile Friendly, Shutterstock, Google Analytics, Circle",,,,,5240000,,6970f5237c90770001ff82d7,6162,52231,"SAFEBRIDGE Financial Group is a financial services company based in Toronto, Ontario. Founded in 2005 by Chris Karram and Elisseos Iriotakis, the company specializes in mortgage brokerage, insurance, and investment services. With a focus on providing integrated financial solutions, SAFEBRIDGE offers residential and commercial mortgage financing through over 60 lending partners, along with tailored insurance products and financial investment advisory services.

The company employs a unique approach called ""Mortgage Centered Financial Planning,"" which positions mortgages at the core of a client's financial strategy, integrating them with insurance and investment services to help clients achieve their financial goals. SAFEBRIDGE has experienced significant growth, achieving over 40% year-over-year increases in mortgage volume and revenue. The company has also received several industry accolades, including nominations for community service and branding awards, and recognition as an Employer of Choice.",2006,https://zenprospect-production.s3.amazonaws.com/uploads/pictures/66d5996e61e94d000190260b/picture,,,,,,,,,
Privan Capital Inc.,Privan Capital,Cold,CanadianLendersMaster,1,financial services,aman@finnovate.io,http://www.nationallending.ca,http://www.linkedin.com/company/nationallending,https://facebook.com/NationalMortgageWeb,https://twitter.com/NMWmortgage,28A Ave,Surrey,British Columbia,Canada,V4P 1G4,"28A Ave, Surrey, British Columbia, Canada, V4P 1G4","investment rental property mortgages, commercial construction loans, new to canada nonresident mortgages, refinance, private second mortgages, mortgages purchase, commercial amp construction loans, investment amp rental property mortgages, renewal, amp refinance, private amp second mortgages, mortgages for selfemployed, new to canada amp nonresident mortgages, commercial loans, real estate, mortgage solutions, other nondepository credit intermediation, private mortgage investors, fast approval, private mortgages, bank decline help, alternative lending, no income verification, mortgage syndication, real estate financing, homeowner financing, self-employed financing, bridge loans, financial services, investment property loans, b2c, mortgage brokering, high interest debt payoff, bad credit loans, private lending, home equity loans, non-traditional mortgages, home purchase financing, credit repair, debt restructuring, mortgage approval, services, debt consolidation, finance, construction & real estate",+1 855-881-1010,"Gmail, Google Apps, WordPress.org, reCAPTCHA, Mobile Friendly, Apache, Google Font API, Circle",,,,,3566000,,6970f5237c90770001ff82d8,6162,52229,"Privan Capital Inc. is a private mortgage solutions firm providing flexible financing for borrowers and real estate–backed investment opportunities for lenders in British Columbia and Alberta.

We help borrowers secure private mortgage and alternative financing when traditional lenders fall short, taking a practical, common-sense approach focused on real estate fundamentals rather than rigid lending formulas.

For investors, we offer well-adjudicated, asset-backed mortgage opportunities designed to protect capital and generate consistent returns through disciplined underwriting and transparent deal structuring.

At Privan Capital, we focus on relationships—not transactions—and operate with integrity, clarity, and long-term purpose.

Capital with care. Decisions with purpose.

E&O insured. All financing and investment opportunities subject to approval (OAC).",2025,https://zenprospect-production.s3.amazonaws.com/uploads/pictures/6963597ba8f93500011cf0f6/picture,,,,,,,,,
Bond Capital,Bond Capital,Cold,CanadianLendersMaster,8,venture capital & private equity,aman@finnovate.io,http://www.bondcapital.ca,http://www.linkedin.com/company/bond-capital,https://facebook.com/bond-capital-1483191495288507,https://twitter.com/BondCapital,1100 Melville St,Vancouver,British Columbia,Canada,V6E 4A6,"1100 Melville St, Vancouver, British Columbia, Canada, V6E 4A6","private equity, private debt, mezzanine debt, investment banking, subordinated debt, preferred shares, venture capital & private equity principals, securities and commodity contracts intermediation and brokerage, canadian market, structured finance, debt capital, business expansion, warrants, distribution & wholesale, risk capital, mezzanine financing, investment partner, strategic growth, capital structuring, healthcare, distribution, risk management, us market, financial reporting, senior debt, b2b, manufacturing, investment structuring, equity capital, services, structured debt, private equity & venture capital, growth sectors, business financing, preferred stock, private capital, private education, growth financing, growth capital, capital raising, cash flow management, value-added sectors, royalties, syndication, financial structuring, transportation & logistics, it services, investment banking & securities, pik (payment-in-kind), financial services, transportation, asset-based lending, capital solutions, finance, education, capital markets, health care, health, wellness & fitness, hospital & health care, mechanical or industrial engineering, information technology & services",+1 604-687-2663,"Cloudflare DNS, Outlook, Act-On, Microsoft Office 365, CloudFlare Hosting, Mobile Friendly, WordPress.org, Google Tag Manager, Nginx, reCAPTCHA, Shutterstock, Domo, Splunk, Sisense, Data Analytics, KNIME, AI, SharePoint, Remote",,,,,,,6970f5237c90770001ff8352,6712,5231,"Bond Capital is a Canadian private debt and private equity firm based in Vancouver, British Columbia. The company specializes in mezzanine financing, subordinated debt, and direct lending, primarily focusing on opportunities in Western Canada and the US Northwest.

As an active provider of capital, Bond Capital offers a range of financial solutions, including hybrid debt-equity funding through mezzanine financing, direct lending, and private equity investments aimed at growth-oriented companies. The firm positions itself as a preferred supplier of debt and equity capital across North America.",2002,https://zenprospect-production.s3.amazonaws.com/uploads/pictures/696871e8840a4500014097ac/picture,,,,,,,,,
Introduction Capital,Introduction Capital,Cold,CanadianLendersMaster,8,financial services,aman@finnovate.io,http://www.introductioncapital.com,http://www.linkedin.com/company/introduction-capital,,,1920 Yonge St,Toronto,Ontario,Canada,M4S 3E2,"1920 Yonge St, Toronto, Ontario, Canada, M4S 3E2","manager placement services, introduction services, strategic advisory marketing consulting, placement agency services, compliance services, alternative investments, strategic advisory amp marketing consulting, investment conferences, event management, financial services, canadian financial industry, private mortgage lending, fundraising support, investment opportunities, exempt market dealer, finance and insurance, secondaries market, due diligence, real estate, real estate and rental and leasing, investment banking and securities dealing, private credit secondaries, capital access, investment networking, client relationship management, alternative investment opportunities, energy transition investments, real estate investments, industry networking, regulatory compliance, b2b, private debt, niche alternative investments, network of family offices, portfolio management, relationship brokering, securities and commodity contracts intermediation and brokerage, private equity, private markets, private capital, impact investing, investment review, capital introduction, uncorrelated investment themes, global asset management, sophisticated investors, investment manager support, venture capital, capital markets, investment distribution, hedge funds, wealth management, real estate insights, investment matchmaking, relationship broker, private equity strategies, financial advisory, canadian alternative investment forum, services, finance, distribution, investment management, events services, financial consulting, consulting, management consulting",+1 416-572-7575,"Google Cloud Hosting, Outlook, Blue Host, Microsoft Office 365, Varnish, Mobile Friendly, Wix, IoT, Remote",,,,,,,6970f5237c90770001ff8354,6211,5231,"Introduction Capital is a Toronto-based boutique financial services firm established in 2004. The company specializes in precision capital introduction and alternative investment brokering. It operates as an exempt market dealer registered in several Canadian provinces, including British Columbia, Alberta, Manitoba, Ontario, Quebec, and Nova Scotia. The firm is led by CEO and Founder Karen Azlen and has a team of eight employees.

The core services of Introduction Capital include capital introduction services, where they connect sophisticated investors with alternative investment opportunities. They also provide Canadian dealer services, assisting international investment managers in raising capital in Canada. In 2024, the firm facilitated the placement of US $1.1 billion in distributions. Additionally, Introduction Capital has hosted the Canadian Alternative Investment Forum (CAIF) for over 13 years. The firm has introduced $300 million in capital and facilitated $5.1 billion in Canadian distributions, serving a client base that includes family offices, institutions, ultra-high-net-worth individuals, and international investment managers.",2004,https://zenprospect-production.s3.amazonaws.com/uploads/pictures/682aa7b331bd6c00016d30d1/picture,,,,,,,,,
Northwood Mortgage Ltd. LIC 10349,Northwood Mortgage Ltd. LIC 10349,Cold,CanadianLendersMaster,160,financial services,aman@finnovate.io,http://www.northwoodmortgage.com,http://www.linkedin.com/company/northwood-mortgage,https://www.facebook.com/NorthwoodMortgage,https://twitter.com/NorthwoodMTG,7676 Woodbine Avenue,Markham,Ontario,Canada,L3R 2N2,"7676 Woodbine Avenue, Markham, Ontario, Canada, L3R 2N2","residential, commercial mortgages, financing, debt consolidation, private mortgage, mortgage underwriting, home equity loans, mortgage calculators, mortgage advice, mortgage for property development, private lending, mortgage lenders, mortgage faq, mortgage rates, mortgage investment corporation, prime and subprime mortgages, mortgage for mixed-use properties, mortgage industry, mortgage tips, mortgage for rental properties, mortgage for construction projects, ontario mortgage market, mortgage solutions, mortgage renewal, mortgage industry associations, mortgage investment services, mortgage approval, mortgage application, services, reverse mortgages, mortgage funding, mortgage brokerage, b2c, real estate financing, mortgage refinancing, mortgage for land and development, mortgage pre-approval, mortgage placement, lender relationships, industrial mortgage financing, commercial real estate loans, financial services, residential mortgages, mortgage process, mortgage client support, mortgage rates comparison, mortgage for land acquisition, mortgage and nonmortgage loan brokers, b2b, finance",+1 416-969-8130,"Mailchimp Mandrill, Rackspace MailGun, Gmail, Google Apps, MailChimp SPF, Microsoft Office 365, Outlook, Google AdWords Conversion, Mobile Friendly, Google Dynamic Remarketing, DoubleClick Conversion, Google Remarketing, Facebook Custom Audiences, WordPress.org, Shutterstock, Apache, Google Analytics, YouTube, reCAPTCHA, Google Tag Manager, Facebook Widget, Facebook Login (Connect), Google AdSense, Android",,,,,338000,,6970f5237c90770001ff8357,6162,52231,"Northwood Mortgage Ltd. is a leading mortgage brokerage based in Markham, Ontario, serving the Greater Toronto Area since 1990. With over 100 licensed mortgage agents and brokers, the company reported an annual revenue of $103.1 million in 2024 and employs around 159 people.

The company offers a range of mortgage brokerage services, including residential mortgages for home purchases and refinancing, as well as commercial and investment mortgages for properties valued from $10,000 to $19 million. Northwood Mortgage also specializes in financing unique properties and provides dedicated support for first-time homebuyers throughout the mortgage process. Their licensed agents are trained to assess individual client needs and connect them with suitable mortgage options, ensuring transparency and clear communication.",1990,https://zenprospect-production.s3.amazonaws.com/uploads/pictures/696dd598fd78f2000182ecaf/picture,,,,,,,,,
Mortgage Forces,Mortgage Forces,Cold,CanadianLendersMaster,4,financial services,aman@finnovate.io,http://www.mortgageforces.ca,http://www.linkedin.com/company/mortgage-forces,http://www.facebook.com/pages/Canadian-Mortgage-Forces-Limited/193362604067498,https://twitter.com/MortgageForces,,Ottawa,Ontario,Canada,,"Ottawa, Ontario, Canada","real estate, relocation, mortgages, canadian forces, buying new home, military discount mortgage, competitive rates, mortgage process, canada-wide service, canadian armed forces mortgage, mortgage lender, mortgage lending, b2c, interest rates, military mortgage, fixed rate mortgage, mortgage solutions, mortgage for veterans, real estate investment, mortgage calculator, mortgage renewal, mortgage advice, financial services, home equity loan, mortgage expert, second mortgage, loan approval, refinancing, mortgage broker ottawa, mortgage pre-approval, mortgage services, military family mortgage, homeownership, bmo partnership, military relocation mortgage, mortgage brokerage, dnd mortgage, special mortgage rates, mortgage rates, homeownership for military, financial planning, home loan for service members, variable rate mortgage, home buying, services, debt consolidation, custom mortgage solutions, mortgage and nonmortgage loan brokers, personalized mortgage, mortgage application, mortgage support, b2b, finance",+1 800-991-7993,"Mailchimp Mandrill, Gmail, Google Apps, Microsoft Office 365, GoDaddy Hosting, reCAPTCHA, Facebook Login (Connect), Pure Chat, WordPress.org, Shutterstock, Bootstrap Framework, Google Dynamic Remarketing, Mobile Friendly, DoubleClick Conversion, Google Analytics, Google Tag Manager, DoubleClick, Facebook Custom Audiences, Facebook Widget, CallRail, Remote, Reviews, QuickBooks",,,,,,,6970f5237c90770001ff8358,6162,52231,"Mortgage Forces was established with the goal to facilitate military personnel and DND (including public servants) in financing their new or the refinancing of their current home. With years of experience in the mortgage industry, we offer expertise and a quality service that is guaranteed to help you find the right solution.

We take pride in the fact that we are able to work with you to find the solution that is right for you, your home and your peace of mind Let us help you get what you want, when you want it, without delay. We know that your busy schedule may not be as accommodating as you want it to be. So let us work for you, and be a force leading you home.",,https://zenprospect-production.s3.amazonaws.com/uploads/pictures/676bc0444db6470001f90169/picture,,,,,,,,,
Essex Lease Financial Corporation,Essex Lease Financial,Cold,CanadianLendersMaster,70,financial services,aman@finnovate.io,http://www.elfc.ca,http://www.linkedin.com/company/essex-lease-financial-corporation,https://www.facebook.com/EssexLeaseFinancialCorporation,,10768 74 St SE,Calgary,Alberta,Canada,T2C 5N6,"10768 74 St SE, Calgary, Alberta, Canada, T2C 5N6","commercial equipment leasing, commercial equipment loans, commercial truck, trailer leasing, tralier loans, construction, agriculture, transportation, forestry, manufacturing, small business, oil & gas, mining, aggregate, truck & trailer storage, commercial equipment financing, lending partner, cash flow management, oil & gas equipment loans, asset-based lending canada, long-term business support, seasonal payment plans, business loans, consulting, services, heavy equipment loans, flexible financing solutions, heavy equipment rentals, construction equipment financing, quick approval process, financial services, business growth funding, mortgage and nonmortgage loan brokers, mining equipment leasing, equipment financing calculator, real estate, leasing and loan options, manufacturing equipment financing, flexible payment terms, energy & utilities, heavy equipment leasing, industrial asset financing, business credit solutions, transportation & logistics, equipment sale-leaseback, b2b, industrial equipment leasing, loan customization, equipment financing, commercial property financing, debt restructuring, independent lender, tailored financial solutions, transparent loan terms, equipment loans canada, construction equipment finance, equipment purchase financing, asset refinance solutions, equipment lease solutions, asset collateral financing, business financing canada, asset leverage, asset based lending, industry-specific financing, agricultural equipment loans, finance, distribution, construction & real estate, mechanical or industrial engineering, oil & energy",+1 403-693-4060,"Cloudflare DNS, Outlook, CloudFlare Hosting, Lucky Orange, Shutterstock, Squarespace ECommerce, Gravity Forms, Google Tag Manager, Google Maps, Hubspot, Mobile Friendly, Google Maps (Non Paid Users), WordPress.org, Google Analytics, Google Font API",,,,,,,6970f5237c90770001ff836e,6163,52231,"Essex Lease Financial Corporation (ELFC) is an equipment financing company based in Calgary, Alberta, established in 1986. It is recognized as one of Canada's leading independent financial partners for industrial businesses across Western and Central Canada. With nearly four decades of experience, ELFC focuses on providing personalized equipment financing solutions, emphasizing long-term relationships and responsive funding processes.

The company offers a range of financing options, including operating and capital leases, rental purchase options, asset-backed lines of credit, equipment refinancing, debt restructuring, and leaseback arrangements. ELFC also maintains a fleet of over 400 rental trailers and other assets to support transportation and construction needs. With a dedicated team of around 37 employees, ELFC serves thousands of customers, primarily in sectors that require heavy machinery. The company is poised for growth, with plans to expand its footprint through the acquisition of ATB Financial's Capital Asset Financing division in 2025.",1986,https://zenprospect-production.s3.amazonaws.com/uploads/pictures/696e738606af600001bf25ab/picture,,,,,,,,,
Fountainhead Capital Corporation,Fountainhead Capital,Cold,CanadianLendersMaster,1,financial services,aman@finnovate.io,http://www.fountainheadcapital.ca,http://www.linkedin.com/company/fountainhead-capital-corporation,,,15388 24 Ave,Surrey,British Columbia,Canada,V4A 2J2,"15388 24 Ave, Surrey, British Columbia, Canada, V4A 2J2","land land servicing, cmhcinsured apartment loans, land loans, retail commercial centre financing, alternative lending options, bridge loans, multifamily construction, mezzanine financing, hotel financing, retirement housing financing, inventory loans",+1 855-538-3888,Android,,,,,,,6970f5247c90770001ff83e4,,,"Fountainhead Capital Corporation is a boutique commercial mortgage brokerage based in British Columbia, Canada. 

We arrange commercial mortgage financing:

- Residential Development
- Seniors' Housing 
- Retail Commercial Centres
- Hotels
- Land & Land Servicing
- Bridge Loans
- Mezzanine Financing

$500,000 to $50,000,000+",2010,https://zenprospect-production.s3.amazonaws.com/uploads/pictures/66f84bf8693b450001c15278/picture,,,,,,,,,
Dominion Lending Centres Expert Financial #12129,Dominion Lending Centres Expert Financial #12129,Cold,CanadianLendersMaster,41,financial services,aman@finnovate.io,http://www.expertfinancial.ca,http://www.linkedin.com/company/dominion-lending-centres-expert-financial-12129,https://www.facebook.com/DLC-Expert-Financial-110553180325540/,https://www.twitter.com/dlcexpert,5780 Timberlea Blvd,Mississauga,Ontario,Canada,L4W 4W8,"5780 Timberlea Blvd, Mississauga, Ontario, Canada, L4W 4W8","mortgage financing, employee mortgage benefit program, real estate professional tools, home financing, fixed vs variable rates, b2b, services, first-time homebuyer programs, self-employed solutions, down payment assistance, mortgage industry awards, canada mortgage market, mortgage brokerage, credit blemishes financing, mortgage application process, mortgage professional, mortgage solutions, financial planning, real estate, mortgage client education, over 230 lending institutions, mortgage product diversity, mortgage brokering, mortgage calculators, mortgage and nonmortgage loan brokers, home equity, mortgage products, pre-approval process, mortgage rates, refinancing, credit report understanding, mortgage renewal, mortgage broker independence, home purchase, unbiased advice, lender access, mortgage rate comparison, financial services, b2c, mortgage, rates comparison, finance, construction & real estate",+1 855-993-5363,"Gmail, Google Apps, Nginx, reCAPTCHA, Google translate API, Bootstrap Framework, Google Font API, Google Maps, WordPress.org, Gravity Forms, Google translate widget, Google Maps (Non Paid Users), YouTube, Mobile Friendly, AI",,,,,,,6970f5247c90770001ff83f9,6162,52231,Dominion Lending Centres Expert Financial #12129 is an exclusive division of the DLC Mortgage group that focuses on the Real Estate Industry by providing tools and technology to Real Estate Professions to allow them to expand the success and reinforce our value as a referral partner.  DLC Expert also hosts the Employee Mortgage Benefit Program and provides an incredible opportunity for our mortgage professionals to build a strong foundation in a long term business.,2011,https://zenprospect-production.s3.amazonaws.com/uploads/pictures/695e95da72361e00017da877/picture,,,,,,,,,
Mortgage Bridge Canada,Mortgage Bridge Canada,Cold,CanadianLendersMaster,16,financial services,aman@finnovate.io,http://www.mortgagebridge.ca,http://www.linkedin.com/company/mortgage-bridge-canada,https://facebook.com/mortgagebridgecanada,https://twitter.com/mortgagebridge,6705 Tomken Rd,Mississauga,Ontario,Canada,L5T 2J6,"6705 Tomken Rd, Mississauga, Ontario, Canada, L5T 2J6","bridge financing, refinance, construction loan, renovation finance, commercial mortgage, residential first mortgage, private financing, business loan, home equity line of credit, equipment leasing loan, syndicated mortgages, 2nd & 3rd mortgage, line of credit, private lending, financial services, finance, mortgage, mortgage broker, mortgage pre-approval, first time home buyers, self-employed mortgages, investment properties, mortgage renewals, mortgage refinancing, debt consolidation, credit improvement, construction loans, commercial mortgages, small business loans, mortgage calculators, mortgage rates, lender network, client testimonials, loan application process, fast credit approvals, financial strategy, homeownership, rental properties, mortgage options, low rates, private lenders, residential mortgages, equity access, customer support, mortgage services, educational videos, mortgage advice, rate lock, online application, transparent process, expert guidance, affordable mortgages, financial representation, home buying process, stress-free mortgages, community focused, trusted advisors, mortgage knowledge, comparative analysis, tailored solutions, real estate financing, comprehensive resources, mortgage industry expertise, home financing, b2c, services, mortgages",+1 905-232-6300,"Gmail, Google Apps, reCAPTCHA, Mobile Friendly, Google Font API, Vimeo, Adobe Media Optimizer, Apache, Cedexis Radar",,,,,,,6970f5247c90770001ff83fa,6162,52231,"WHO WE ARE?
Mortgage Bridge Canada is a leading edge independently owned and operated Canada's Mortgage Company. Experts from diversified background in financial planning, investments & real estate form the MBC team of mortgage agents and brokers. Since 2014, we have been prominently helping more than thousands of Canadians with suitable mortgage solutions.
We have over 40 mortgage agents working efficiently from a customer-focused, unparalleled service and solution-driven viewpoint exceeding all your financial needs. Our team first listens to your financial obligation and identifies the right mortgage solution thus advocating the benefits to all the stakeholders.
We provide mortgage services to a population spread across Toronto & in and around GTA area.

WHAT WE DO?
Mortgage Bridge Canada is a top-notch mortgage brokerage specializing in residential mortgages and Private financing. Our accredited mortgage professionals help source funds by meticulously bundling your documents for the mortgage. Whether you are investing in your first home, refinancing your current mortgage, switching your mortgage,  investing in real estate or consolidating debts, our experts will give you an unbiased and independent advice with our goal being to find the ideal solution and save your valuable time.
We provide you with an array of funding solutions including mortgage renewals, refinancing, second mortgages, home equity loans, bridge loans and other specialized mortgage products from 40 different financial institutions whether you are self-employed, operate a small business, own a home or a condo, new to Canada, professional or a corporate 
We are available 24*7 to have you believe that you can trust the process of application, paper work and right option and remind you of the good decision you made then. We are here to ease the process of life's most exciting endeavors of buying a home which can seem overwhelming to many of us.Our trusted team won't just find you a home mortgage, we'll find you the Right home mortgage that meets your unique needs.",2014,https://zenprospect-production.s3.amazonaws.com/uploads/pictures/66e5da5a75629c0001283c58/picture,,,,,,,,,
Maple Leaf Mortgages Ltd.,Maple Leaf Mortgages,Cold,CanadianLendersMaster,10,financial services,aman@finnovate.io,http://www.mapleleafmortgages.com,http://www.linkedin.com/company/maple-leaf-mortgages-ltd-,https://www.facebook.com/MapleLeafMortgages,https://twitter.com/MAPLELEAFM,100 Allstate Pkwy,Markham,Ontario,Canada,L3R 6H3,"100 Allstate Pkwy, Markham, Ontario, Canada, L3R 6H3","1st, need money, 2nd, self employednonincome qualifiers, 3rd mortgages, commercial & builder financing, bruised credit, highratio financing, debt consolidation, refinancingequity takeouts, home purchases, job loss, power of sales, proposals or bankruptcies, real estate, b2c, mortgage refinancing for bad credit, credit issues, small business mortgage, land and construction loans, mortgage legal advice, financial planning, loan application, financial services, small business loans, secured lines of credit, loan solutions, construction, lender access, debt management, interest rates, mortgage consultation, mortgage rates, power of sale, home financing, commercial financing, immigrant mortgage solutions, debt restructuring, pre-approvals, mortgage approval, construction loans, refinancing, bankruptcy assistance, commercial real estate, credit repair, services, power of sale avoidance, mortgage and nonmortgage loan brokers, mortgage for new immigrants, mortgage brokerage, mortgage rate optimization, self-employed financing, mortgage approval process, mortgage advice, alternative lending, mortgage rates comparison, real estate financing, mortgage services, b2b, finance",+1 905-886-5323,"Nginx, StatCounter, WordPress.org, YouTube, Mobile Friendly",,,,,20238000,,6970f5247c90770001ff83ff,6162,52231,"ABOUT US:

With over 28 years experience in the mortgage industry, we are a one-stop solution for all your residential, commercial, and debt collection needs.

OUR MISSION:

Our goal at Maple Leaf Mortgages is to provide you with exceptional services by creating and tailoring a financial plan to fit your qualifications and needs.

DESCRIPTION:

Specializing in obtaining financing for your home purchases, refinancing, debt consolidation and other financial services, Maple Leaf Mortgages has access to many financial institutions and lenders throughout Canada.

At Maple Leaf Mortgages we provide our customers with expert advice, the best available rates and service, fast approvals and the personal attention you deserve. Together we review and discuss your mortgage needs and place you with a lender that best suits you. Your business is important to us and we strive to have you as a lifelong client. We truly appreciate your referral business! Maple Leaf Mortgages is a leader in the mortgage industry.


We look forward to the opportunity of serving you. Our philosophy is to design a mortgage tailor-made to accommodate all your needs.",2004,https://zenprospect-production.s3.amazonaws.com/uploads/pictures/66fe37e2746b0200014f4ab4/picture,,,,,,,,,
Clarity Payment,Clarity Payment,Cold,CanadianLendersMaster,8,financial services,aman@finnovate.io,http://www.claritypayment.com,http://www.linkedin.com/company/claritypayment,https://www.facebook.com/claritypayment/,,33 Bloor Street East,Toronto,Ontario,Canada,M4W 3H1,"33 Bloor Street East, Toronto, Ontario, Canada, M4W 3H1","payment processing, credit card processing, ecommerce, virtual terminals, retail, restaurant terminals, merchant cash advance, mobile terminals, global payments, first data, fraud prevention, payment financing, saas payment processing, saas lending, ecommerce consultation, debt financing, bridge loans, mobile payments, gift, loyalty, promotional cards, alipay, wechat pay, wifi marketing, chase paymentech, digital currency processing, high risk merchants, business financing, merchant financing, smart terminals, vendor finance programs, international payment solutions, merchant accounts, payment solutions, term loans, payment gateway, a/r financing, online reporting tools, business growth solutions, merchant services, b2b, customized leasing solutions, virtual terminal, amex optblue, ecommerce solutions, loyalty programs, saas financing, financial services, working capital, payment gateway integration, services, financial transactions processing, reserve, and clearinghouse activities, vendor finance, debt capital, equipment leasing, payment terminals, growth capital for service providers, gift cards, merchant support network, information technology, e-commerce, pay at the table, fraud detection, multi-currency processing, market differentiation tools, cash flow management, finance, consumer products & retail, payments, consumer internet, consumers, internet, information technology & services, computer & network security",+1 888-441-2001,"Gmail, Google Apps, GoDaddy Hosting, Hubspot, React, Mobile Friendly, Bootstrap Framework, WordPress.org, Google Font API, Remote",,,,,,,6970f5247c90770001ff8405,7389,52232,"Clarity Payment, a comprehensive suite of merchant services and support networks has evolved directly from understanding our client's needs. Our vast industry knowledge and experience has provided us with the tools to better engage, formulate and provide solutions to effectively manage current and prospective business needs.

We believe that having a reliable, cost-effective merchant platform in today's market is just not enough. Our clients are equipped with the necessary merchant capabilities to manage current business needs as well as emerging market trends.

Our goal at Clarity Payment is to streamline operations while ensuring increased revenue and market differentiation. Learn more about the products and services we offer.

For more info please contact: michael@claritypayment.com",2013,https://zenprospect-production.s3.amazonaws.com/uploads/pictures/696e6812671c8c000134c1ec/picture,,,,,,,,,
Your Mortgage Plus,Your Mortgage Plus,Cold,CanadianLendersMaster,10,financial services,aman@finnovate.io,http://www.yourmortgageplus.ca,http://www.linkedin.com/company/yourmtgplus,https://www.facebook.com/yourmortgageplusinc,https://twitter.com/ymp_saskatoon,1134 8th St E,Saskatoon,Saskatchewan,Canada,S7H 0S4,"1134 8th St E, Saskatoon, Saskatchewan, Canada, S7H 0S4","first time home buyers plan, new to canada programs, new construction, secured line of credit, cash back mortgages, self employed programs, rental properties, government grant programs, commercial properties, mortgage renewal, rate shopping, mortgage advice, home improvements, services, private lenders saskatoon, investment property financing, residential mortgage, private lending, real estate financing, mortgage and nonmortgage loan brokers, client-focused, mortgage market, mortgage broker, credit rebuilding, mortgage rate comparison, mortgage process, consulting, debt consulting, mortgage pre-approval, pre-qualification, commercial real estate financing, finance and insurance, lawyer referrals, mortgage broker saskatoon, financial services, commercial mortgage, real estate, homeownership, mortgage refinancing, credit repair mortgage, credit repair, independent broker, short-term private loans, mortgage brokerage, financial planning, home loans, credit challenged mortgage, mortgage rates, saskatoon, mortgage application, mortgage application process, resp planning, referrals to realtors, mortgage solutions, b2b, lender network, short-term financing, credit repair services, mortgage market saskatoon, real estate investment, home insurance, first-time homebuyer mortgage, lender access, mortgage refinancing saskatoon, b2c, mortgage rates comparison, financial advice, private lenders, home buying, mortgage options, customer service, finance, legal",+1 306-244-4663,"Outlook, GoDaddy Hosting, Microsoft Office 365, Nginx, reCAPTCHA, Mobile Friendly, WordPress.org, Circle, Reviews",,,,,928000,,6970f5247c90770001ff8407,6162,52231,"Your Mortgage Plus is a Saskatoon-based brokerage operation active in the wholesale mortgage market Canada-wide.  Our goal is to offer clients a range of mortgage products, and to create competition for your business among Canada's top lenders for your ultimate benefit.",2006,https://zenprospect-production.s3.amazonaws.com/uploads/pictures/66f02111dcf9450001f06ebc/picture,,,,,,,,,
Victoria Financial - Private Mortgage Lender,Victoria Financial,Cold,CanadianLendersMaster,11,financial services,aman@finnovate.io,http://www.financierevictoria.com,http://www.linkedin.com/company/financierevictoriafinancial,https://www.facebook.com/FinanciereVictoria,https://twitter.com/FinanciereVic,6683 Rue Jean-Talon E,Montreal,Quebec,Canada,H1S 0A5,"6683 Rue Jean-Talon E, Montreal, Quebec, Canada, H1S 0A5","financement hypothecaire mezzanine, pret prive, hypotheque legale, deuxieme hypotheque, financement investisseurs immobiliers, hypotheque nouveaux arrivants, hypotheque de deuxieme rang, hypotheque privee, pret consolidation de dettes, financement hypothecaire prive, solution aux avis de 60 jours, preavis dexercice dun recours hypothecaire, hypotheque sans enquete de credit, avis de 60 jours, 2ieme hypotheque, financement prive, pret hypothecaire alternatif, preteur prive, hypotheque sousstandard, financement pour flip, financement sur equite, hypotheque avec mauvais credit, property valuation tools, mortgage for renovation, property investment loans, loan renewal, interest-only payments, collateral-based lending, short-term real estate loans, private lender quebec, property investment loans quebec, second mortgage for renovations, real estate financing, private mortgage for land, loan approval process, loan approval within 24 hours, mortgage refinancing, property appraisal, property collateral valuation, private lender approval, property investment, real estate project funding, mortgage broker quebec, real estate investor loans, short-term loan, property valuation, private mortgage for multi-unit buildings, quick property financing, property cash-out refinancing, short-term property loan, no credit check, urban property financing, property refinancing process, property equity, property equity financing, debt restructuring loans, real estate and rental and leasing, urban property, mortgage loan, mortgage application, property flip financing, quick funds, property collateral, private mortgage for investors, property equity loan, mortgage for investors, private mortgage for commercial properties, other nondepository credit intermediation, property financing quebec, services, urban property investment loans, property refinancing quebec, interest rate fixed, property type eligibility, urban real estate, second mortgage, property type financing, property value-based approval, investment property financing, private mortgage rates, property value-based lending, mortgage for commercial property, debt consolidation, refinancing, property valuation services, private property loans quebec, private mortgage, fast approval, mortgage documentation, mortgage process simplified, property equity extraction, private lending quebec, finance and insurance, property market value, notarized mortgage, fast mortgage approval, quick property equity loans, b2c, flexible terms, finance, financial services",+1 877-220-7738,"Outlook, DigitalOcean, Mobile Friendly, Google Tag Manager, Nginx, Gravity Forms, Google Font API, WordPress.org",,,,,,,6970f5247c90770001ff840b,6162,52229,"Victoria Financial is a private mortgage lender that specializes in providing customized financing solutions for homeowners and investors. Established in 1986, the company has evolved from a mortgage broker in the San Gabriel Valley to a leader in competitive mortgage rates, serving clients in California and Montreal. Victoria Financial focuses on property equity rather than credit scores or income, making it accessible to those who may not qualify for traditional bank loans.

The company offers a variety of mortgage products, including first and second mortgages, debt consolidation financing, real estate investment loans, and home equity lines of credit. Loan amounts range from $10,000 to $1,000,000, with flexible repayment terms and minimal documentation requirements. Victoria Financial emphasizes quick approval, with loans typically approved within 24 hours and funds disbursed within a week. The application process is streamlined, allowing clients to receive tailored loan offers and complete financing efficiently.",2013,https://zenprospect-production.s3.amazonaws.com/uploads/pictures/66d4b6687faf5c0001135151/picture,,,,,,,,,
REV Capital,REV Capital,Cold,CanadianLendersMaster,90,financial services,aman@finnovate.io,http://www.revinc.com,http://www.linkedin.com/company/rev-capital,https://www.facebook.com/revcapinc,,27 Roytec Rd,Vaughan,Ontario,Canada,L4L 8E3,"27 Roytec Rd, Vaughan, Ontario, Canada, L4L 8E3","invoice factoring, alternative lending, cashflow solutions, credit underwriting, collection services, invoice management, cashflow financing, funding for industries, credit control, accounts receivable, emergency cashflow, rapid funding, fast approval, customer relationship management, recourse factoring, extended payment terms, factoring process, seasonal business financing, cash flow stability, funding flexibility, staffing, working capital solutions, client relationship management, customer service, credit checks, invoice discounting, digital client portal, industry-specific funding, client portal access, b2b, funding scalability, manufacturing, government, transparent fees, client credit evaluation, flexible funding, working capital, cash flow management, funding speed, business financing, transportation, accounting, tax preparation, bookkeeping, and payroll services, factoring services, logistics, invoice financing, rapid invoice funding, distribution & wholesale, client portal, business growth funding, invoice collection, accounts receivable financing, industry-specific solutions, non-recourse factoring, cash flow financing, sector-specific factoring, oil & gas, freight forwarding, government contracting, services, credit risk assessment, finance, distribution, transportation & logistics, crm, sales, enterprise software, enterprises, computer software, information technology & services, mechanical or industrial engineering, oil & energy, financial services",+1 855-879-1511,"Salesforce, Cloudflare DNS, Outlook, Pardot, Greenhouse.io, Amazon AWS, Microsoft Office 365, Webflow, Barracuda Networks, Google Tag Manager, Mobile Friendly, LiveChat, Bootstrap Framework, Android, Remote",,,,,,,6970f5247c90770001ff8474,6163,54121,"REV Capital is a North American financial factoring and asset-based lending company based in Woodbridge, Ontario. Founded in 2017, it has grown into a full-service financial partner for small and medium-sized enterprises, operating seven offices across Canada and the United States. The company employs over 80 team members and has been recognized as one of Canada's Top Small and Medium Employers.

REV Capital specializes in full-service invoice factoring and cash flow financing solutions. Key features include no startup fees, monthly factoring amounts up to $10 million, and 24/7 online portal access for real-time transaction visibility. The company provides dedicated Client Relationship Managers, invoice management, credit underwriting, and collection services. REV Capital tailors its services to various industries, including staffing, transportation, manufacturing, and oil and gas, ensuring customized financial support for each business's unique needs.",2017,https://zenprospect-production.s3.amazonaws.com/uploads/pictures/6968e537ab6143000100a763/picture,,,,,,,,,
All Island Equity Mortgage Investment Corporation,All Island Equity Mortgage Investment,Cold,CanadianLendersMaster,5,financial services,aman@finnovate.io,http://www.allislandequitymic.com,http://www.linkedin.com/company/all-island-equity,https://www.facebook.com/AllIslandEquity/,,450 Wentworth St,Nanaimo,British Columbia,Canada,V9R 3E1,"450 Wentworth St, Nanaimo, British Columbia, Canada, V9R 3E1","mortgage financing, investing, real estate investing, temporary mortgage, construction financing, equity lending, investment management, tax-efficient investment, loan-to-value ratio, multi-family loans, tax-efficient flow-through investment, commercial mortgages, tax advantages, community economic support, fixed share value, services, community investment, development loans, mortgage fund, quarterly income distribution, mortgage financing solutions, real estate assets, mortgage portfolio updates, residential and commercial loans, mortgage underwriting, okanagan real estate loans, local real estate market investment, real estate secured loans, community-based mortgage investing, low-risk mortgage loans bc, b2b, vancouver island mortgage fund, real estate investment, mortgage fund management, investment diversification, conservative lending, mortgage loan spread across bc, land loans, construction loans, diversified mortgage portfolio, prime real estate assets, portfolio management, registered plan eligible, mortgage fund liquidity, active portfolio management, community-focused investment, real estate, residential mortgages, quarterly distributions, mortgage fund growth, other nondepository credit intermediation, bc communities, secured mortgage lending, financial services, construction & real estate, mortgage investment, bc real estate, investment in bc communities, real estate loans, low loan-to-value ratio, finance, distribution, real estate investments",+1 250-244-9700,"Cloudflare DNS, Gmail, Google Apps, CloudFlare Hosting, Gravity Forms, YouTube, Facebook Custom Audiences, WordPress.org, Facebook Widget, Linkedin Marketing Solutions, JQuery 1.11.1, reCAPTCHA, Google Maps (Non Paid Users), Mobile Friendly, Google Tag Manager, Shutterstock, Google Maps, Facebook Login (Connect), Data Analytics, AI, Android, Circle",,,,,,,6970f5247c90770001ff8476,6531,52229,"Founded in 1997, All Island Equity MIC is a mortgage fund specializing in lending throughout Vancouver Island and the Okanagan. We provide a unique investment opportunity to individuals seeking consistent and stable returns while maintaining the highest standards of integrity and transparency.",1997,https://zenprospect-production.s3.amazonaws.com/uploads/pictures/670bac9ccc2d4b00011af9d4/picture,,,,,,,,,
iMortgage Canada,iMortgage Canada,Cold,CanadianLendersMaster,6,financial services,aman@finnovate.io,http://www.imortgagecanada.com,http://www.linkedin.com/company/imortgagecanada,,,999 W Broadway,Vancouver,British Columbia,Canada,V5Z 1K5,"999 W Broadway, Vancouver, British Columbia, Canada, V5Z 1K5","real estate financing, bad credit, mortgage, home purchase, home refinance, mortgage brokerage, mortgage checkups, mortgage lender access, second home mortgage, mortgage industry, mortgage broker vancouver, b2c, services, mortgage services, mortgage and nonmortgage loan brokers, mortgage market, mortgage market trends, home financing, refinancing, mortgage approval, construction loans, mortgage application, consulting, construction mortgage, mortgage application process, credit check, mortgage rates, real estate, vancouver mortgage services, private lending, first-time homebuyer, equity-based mortgage, mortgage options, private mortgages, mortgage approval process, immigrant mortgage specialist, private mortgage program, independent mortgage broker, mortgage renewals, mortgage consultation, bridge loan, mortgage for divorce, bridge financing, bank and credit union access, mortgage advice, mortgage broker independence, mortgage solutions, financial services, multiple lender access, market programs for mortgages, finance, construction & real estate",+1 778-999-6145,"Cloudflare DNS, Gmail, Google Apps, Microsoft Office 365, CloudFlare Hosting, Google Tag Manager, Gravity Forms, Google Maps, Google Maps (Non Paid Users), WordPress.org, MailChimp, Mobile Friendly, Circle",,,,,,,6970f5247c90770001ff847f,6162,52231,"The Key to Finding
The Right Mortgage for You...
Is finding the right Mortgage Professional who works for you and who can meet your needs with a comprehensive suite of mortgage products. From lenders with the lowest available interest rates to lenders who understand credit challenges we have mortgage programs for whatever situation. All of our Mortgage Professionals are licensed, knowledgeable and have a wealth of experience behind them. The key to finding the right mortgage for you begins here. We'll do the rest.",2010,https://zenprospect-production.s3.amazonaws.com/uploads/pictures/674962adbed466000170ce51/picture,,,,,,,,,
Cambridge Mortgage Investment Corporation,Cambridge Mortgage Investment,Cold,CanadianLendersMaster,14,financial services,aman@finnovate.io,http://www.cambridgemic.com,http://www.linkedin.com/company/cambridge-mortgage-investment-corporation,,,595 Howe St,Vancouver,British Columbia,Canada,V6C 2T5,"595 Howe St, Vancouver, British Columbia, Canada, V6C 2T5","mortgage lending & mortgage investing, institutional investors, alternative mortgage investing, financial services, canadian real estate, active management, private mortgage lending, private lending, finance and insurance, canadian mortgage market, real estate, private mortgage loans, mortgage asset protection, investor relations, loan-to-value less than 55%, mortgage risk assessment, registered investment accounts, private mortgage fund, mortgage investment platform, b2c, mortgage portfolio performance, mortgage investment corporation, regulatory compliance, mortgage investment, mortgage-backed securities, conservative lending, portfolio management, mortgage underwriting process, other nondepository credit intermediation, construction & real estate, annualized return, mortgage lending, investment returns, mortgage performance, diversified mortgage portfolio, risk management, mortgage income stream, mortgage asset management, investment diversification, mortgage investment strategies, short duration portfolio, real estate assets, risk mitigation, retail investors, steady returns, mortgage underwriting, investment management, finance",,,,,,,,,6970f5247c90770001ff8491,6732,52229,"By practicing careful risk management and adhering to a primarily conservative lending approach, we safeguard our mortgage investments and consistently providing investors with steady returns. Mortgage brokers turn to us for flexible lending solutions tailored to their clients' unique needs and an efficient underwriting process.",2007,https://zenprospect-production.s3.amazonaws.com/uploads/pictures/697008fbb17e080001a0b74b/picture,,,,,,,,,
Portfolio+,Portfolio+,Cold,CanadianLendersMaster,140,financial services,aman@finnovate.io,http://www.portfolioplus.com,http://www.linkedin.com/company/portfolioplus,https://facebook.com/stratinfotech,https://twitter.com/stratinfotech,37 Sandiford Drive,Whitchurch-Stouffville,Ontario,Canada,L4A 7X5,"37 Sandiford Drive, Whitchurch-Stouffville, Ontario, Canada, L4A 7X5","banking software, financial services software, credit union software, leasing & financing software, government lending software, core banking platform, fintech, lending software, real-time data sharing, gdpr compliance, customer data analytics, api for gics and fixed deposits, customer engagement, security solutions, banking-as-a-service, third-party ecosystem, customer experience, term deposits, cloud services, services, aml compliance, real-time transactions, cloud migration, business continuity, financial data sharing, customer identity verification, operational efficiency, api development, retail, multi-account management, commercial banking, open banking ecosystem, risk management, banking, consulting, open banking, open banking api, cloud security, api security enhancement, retail banking, transaction monitoring, data security, transaction processing, automated loan processing, managed services, iot payment solutions, data masking, fintech collaboration, api solutions, regulatory compliance, information technology, banking platform, customer data management, partner ecosystem, third-party api integration, data analytics, financial software, financial product innovation, investment management, cloud infrastructure, digital wallet, banking apis for fintechs, data-driven banking, mobile payment integration, core banking system, financial technology, b2b, customer consent management, security and privacy, api documentation, core banking, infrastructure management, personalized banking services, digital transformation, payment technologies, financial services, api integration, data privacy, b2c, e-commerce, finance, finance technology, information technology & services, cloud computing, enterprise software, enterprises, computer software, computer & network security, internet infrastructure, internet, consumer internet, consumers",+1 905-640-0808,"Route 53, Outlook, Microsoft Office 365, CloudFlare Hosting, accessiBe, Atlassian Cloud, React, Sophos, Google Font API, YouTube, Hotjar, Linkedin Marketing Solutions, Google Tag Manager, Facebook Login (Connect), WordPress.org, Mobile Friendly, Shutterstock, Workday Recruit, Google AdWords Conversion, Google Dynamic Remarketing, DoubleClick, Hubspot, DoubleClick Conversion, Render, Remote, AI",,,,,20000000,,6970f5247c90770001ff849b,6021,52211,"Portfolio+ is a Canadian financial technology company that specializes in core banking platforms, open banking solutions, and cloud infrastructure services. Founded in 2020, the company aims to drive digital transformation in the financial services sector, serving banks, credit unions, and alternative lenders in Canada and the UK.

The company offers a range of products, including a modular core banking platform that supports various banking operations and flexible deployment options. Its open banking ecosystem, launched in 2022, facilitates the transition to open banking for neo banks and fintechs. Additionally, Portfolio+ provides cloud services with a focus on reliability and security, along with managed IT services, training, and consulting to support implementation and ongoing operations. The company collaborates with major cloud providers like AWS, Microsoft Azure, and Google Cloud, ensuring robust solutions for its clients.",1988,https://zenprospect-production.s3.amazonaws.com/uploads/pictures/6967fb038099170001010133/picture,,,,,,,,,
The Mortgage Centre - Tristar Funding Corporation,The Mortgage Centre,Cold,CanadianLendersMaster,5,financial services,aman@finnovate.io,http://www.mortgagekw.com,http://www.linkedin.com/company/mortgagecentrekw,https://www.facebook.com/MortgageCentreKW/,https://twitter.com/MortgageKW,1120 Victoria St N,Kitchener,Ontario,Canada,N2B 3T2,"1120 Victoria St N, Kitchener, Ontario, Canada, N2B 3T2","preapproval, debt consolidation, first time homebuyers, switch save, renovations, purchase, mortgage checkup, refinance, second home, investment properties, equity take out, investments, mortgage glossary, refinancing, financial services, canadian lenders, rental property financing, mortgage calculator, mortgage rates comparison, real estate, mortgage application, home equity line of credit, mortgage advice, home buying assistance, first-time home buyers, b2c, mortgage contest, mortgage rates ontario, mortgage process, mortgage broker, investment property loans, reverse mortgages, mortgage resources, mortgage industry, mortgage lending, mortgage negotiation, land transfer tax, private mortgage, mortgage, mortgage brokerage, mortgage rates, mortgage free sooner plan, mortgage pre-approval, mortgage services, mortgage sector code of conduct, spousal buyout, lender penalty calculations, lender negotiation, renovation loans, mortgage blog, mortgage renewal, mortgage vip club, mortgage and nonmortgage loan brokers, mortgage tips, services, mortgage refinancing, mortgage questions, b2b, finance",+1 519-743-4365,"ElasticEmail, Rackspace Email, DigitalOcean, Outlook, Microsoft Office 365, Brightcove, Flywheel, Shutterstock, WordPress.org, reCAPTCHA, Google Tag Manager, Google Analytics, Mobile Friendly, Gravity Forms, Google Font API, Google Play, Nginx, YouTube",,,,,6072000,,6970f5247c90770001ff84a0,6162,52231,"Tristar Funding Corporation has been in business since 1984 servicing the Waterloo and Wellington regions. Tristar Funding has been part of the Mortgage Centre franchise system since 1991 and generates over 100 million funded mortgages annually.

  We have over 5,000 clients that continue to help us grow through their loyal referrals and repeat business. We are a well-respected business in both the Real Estate and Legal industry and invite you to ask your Real Estate Representative or Legal Council about The Mortgage Centre (Tristar Funding Corporation).

  We are located central to Kitchener / Waterloo and Cambridge and have Mortgage Consultants in each area to serve you better. With technology, office space is not a necessity, however, excellent representation from our Mortgage Agents is mandatory. Each Agent is connected electronically both to our Mortgage Market and the Internet. Business can be conducted where ever there is an internet connection. EASY ON LINE ACCESS

An independent Member of The Mortgage Centre Network.  Any views or opinions expressed here are only
those of the author and do not represent The Mortgage Centre Network.",1984,https://zenprospect-production.s3.amazonaws.com/uploads/pictures/676cca3c15f9980001bfc5cd/picture,,,,,,,,,